Source,Yes
CNN,0.42542153
New York Times,0.281452659
NBC ,0.453307393
NPR,0.317120623
BBC,0.242542153
Wall Street Journal,0.204280156
Fox ,0.434176394
Sean Hannity Show,0.180285344