Source,Yes
CNN,0.409964413
New York Times,0.282562278
NBC,0.208540925
NPR,0.238434164
BBC,0.16797153
Wall Street Journal,0.148754448
Fox ,0.239857651
Sean Hannity Show,0.010676157